port_id,port_name,country,country_code,latitude,longitude,unlocode,port_type
1,Mumbai,India,IN,18.94,72.84,INBOM,commercial
2,Nhava Sheva,India,IN,18.95,72.95,INNSA,container
3,Chennai,India,IN,13.1,80.3,INMAA,container
4,Kolkata,India,IN,22.54,88.32,INCCU,commercial
5,Visakhapatnam,India,IN,17.69,83.29,INVTZ,bulk
6,Cochin,India,IN,9.96,76.27,INCOK,commercial
7,Mundra,India,IN,22.74,69.7,INMUN,container
8,Kandla,India,IN,23.0,70.22,INIXY,bulk
9,Tuticorin,India,IN,8.75,78.18,INTUT,container
10,Mangalore,India,IN,12.92,74.81,INNML,bulk
11,Mormugao,India,IN,15.41,73.8,INMRM,bulk
12,Paradip,India,IN,20.26,86.67,INPRP,bulk
13,Hazira,India,IN,21.1,72.62,INHZA,commercial
14,Pipavav,India,IN,20.91,71.5,INPAV,container
15,Krishnapatnam,India,IN,14.25,80.12,INKRP,commercial
16,Kamarajar,India,IN,13.26,80.33,INENR,commercial
17,Dhamra,India,IN,20.8,86.97,INDHM,bulk
18,Haldia Port. India,India,,22.02,88.02,INHAL,
19,Aarhus,Denmark,,56.15,10.2167,DKAAR,
20,Aberdeen,United Kingdom,,57.125,-2.0937,GBABD,
21,Abidjan,Ivory Coast,,5.32,-4.03,CIABJ,
22,Abu Dhabi,United Arab Emirates,,24.4531,54.3593,AEAUH,
23,Acajutla,El Salvador,,13.5781,-89.8281,SVAQJ,
24,Adelaide,Australia,,-34.9218,138.5937,AUADL,
25,Aden,Yemen,,12.7667,45.0167,YEADE,
26,Agadir,Morocco,,30.5,-9.667,MAAGA,
27,Al Aqabah,Jordan,,29.55,35.0,JOAQB,
28,Al Jubayl,Saudi Arabia,,27.05,49.5667,SAJBI,
29,Alesund,Norway,,62.49,6.5,NOAES,
30,Alexandria,Egypt,,31.1875,29.8906,EGALY,
31,Algeciras,Spain,,36.125,-5.45,ESALG,
32,Algiers,Algeria,,36.7812,3.0468,DZALG,
33,Almeria,Spain,,-2.27,36.5,ESLEI,
34,Ambarli,Turkey,,40.983,28.745,TRAMB,
35,Annaba,Algeria,,36.8906,7.7656,DZAAE,
36,Antofagasta,Chile,,-70.23,-23.38,CLANF,
37,Antwerp,Belgium,,51.2167,4.4167,BEANR,
38,Apapa,Nigeria,,6.4218,3.3437,NGAPP,
39,Arbatax,Italy,,9.42,39.56,ITATX,
40,Argentia,Canada,,-54.0,47.18,CANWP,
41,Arica,Chile,,-18.49,-70.3,CLARI,
42,Ash Shuwaykh,Kuwait,,29.3437,47.9062,KWSWK,
43,Ashdod,Israel,,31.8125,34.6406,ILASH,
44,Auckland,New Zealand,,-36.8667,174.7667,NZAKL,
45,Aveiro,Portugal,,-8.39,40.38,PTAVE,
46,Bahia Blanca,Argentina,,-38.7167,-62.2833,ARBHI,
47,Bahrain,Bahrain,,26.0,50.5,BHBAH,
48,Balboa,Panama,,8.9375,-79.5625,PABLB,
49,Baltimore,United States,,39.2897,-76.6212,USBAL,
50,Bandar Abbas,Iran,,27.2,56.25,IRBND,
51,Banjul,Gambia,,13.4512,-16.5842,GMBJL,
52,Barcelona,Spain,,41.3833,2.1833,ESBCN,
53,Barranquilla,Colombia,,10.98,-74.8,COBAQ,
54,Bata,Equatorial Guinea,,1.85,9.77,GQBSG,
55,Beirut,Lebanon,,33.8593,35.5,LBBEY,
56,Bejaia,Algeria,,36.75,5.0833,DZBJA,
57,Belem,Brazil,,-48.3,-1.27,BRBEL,
58,Belize,Belize,,17.51,-88.3,BZBZE,
59,Benghazi,Libya,,32.1093,20.0625,LYBEN,
60,Bergen,Norway,,60.3834,5.3167,NOBGO,
61,Bissau,Guinea-Bissau,,11.8518,-15.5872,GWOXB,
62,Boma,Congo. Dem. Rep. of,,-5.84,13.053,CDBOA,
63,Bosperus,Turkey,,41.012,29.02,TRUSK,
64,Bremerhaven,Germany,,53.55,8.58,DEBRV,
65,Brest,France,,48.3906,-4.4687,FRBES,
66,Brisbane,Australia,,-27.5,153.0156,AUBNE,
67,Buenaventura,Colombia,,3.9,-77.0333,COBUN,
68,Buenos Aires,Argentina,,-34.612,-58.4667,ARBUE,
69,Busan,Korea. South,,35.1,129.04,KRPUS,
70,Caibarien,Cuba,,-79.28,22.31,CUCAI,
71,Callao,Peru,,-12.0667,-77.0,PECLL,
72,Cape Town,South Africa,,-33.9166,18.4167,ZACPT,
73,Cartagena,Colombia,,10.38,-75.5,COCTG,
74,Cartagena,Spain,,37.5937,-0.9687,ESCAR,
75,Casablanca,Morocco,,33.5833,-7.6167,MACAS,
76,Caucedo,Dominican Republic,,18.4167,-69.6333,DOCAU,
77,Charleston,United States,,32.7942,-79.9403,USCHS,
78,Chittagong,Bangladesh,,22.3281,91.8281,BDCGP,
79,Chiwan,China,,22.4931,113.8889,CNCWN,
80,Colombo,Sri Lanka,,6.9333,79.85,LKCMB,
81,Colon,Costa Rica,,-84.15,9.55,CRCLN,
82,Conakry,Guinea,,9.5194,-13.7093,GNCKY,
83,Constanta,Romania,,44.1754,28.6382,ROCND,
84,Corinto,Nicaragua,,12.0312,-86.3437,NICIO,
85,Cork. Co Cork,Ireland,,51.9,-8.4667,IEORK,
86,Cotonou,Benin,,6.35,2.43,BJCOO,
87,Da Nang,Vietnam,,16.0,108.25,VNDAD,
88,Dakar,Senegal,,14.684,-17.446,SNDKR,
89,Dalian,China,,38.9221,121.6465,CNDLC,
90,Damietta,Egypt,,31.4062,31.7968,EGDAM,
91,Dammam,Saudi Arabia,,26.4218,50.1093,SADMM,
92,Dar es Salaam,Tanzania,,-6.817,39.277,TZDAR,
93,Dartmouth,Canada,,-63.34,44.4,CADAR,
94,Djibouti,Djibouti,,11.5984,43.1487,DJJIB,
95,Douala,Cameroon,,3.75,9.9375,CMDLA,
96,Dublin,Ireland,,53.3333,-6.25,IEDUB,
97,Dunkerque,France,,51.0468,2.3593,FRDKK,
98,Durban,South Africa,,-29.8437,31.0156,ZADUR,
99,Dutch Harbor,United States,,53.81,-166.5374,USDUT,
100,East London,South Africa,,-32.989,27.898,ZAELS,
101,Ensenada,Mexico,,31.8667,-116.6167,MXESE,
102,Esmeraldas,Ecuador,,0.9687,-79.6875,ECESM,
103,Falmouth,Canada,,-64.1,45.0,CAFAH,
104,Fazendinha,Brazil,,-0.9218,-47.7187,WP081,
105,Felixstowe,United Kingdom,,51.9531,1.35,GBFXT,
106,Fort de France,Martinique,,14.6028,-61.0818,MQFDF,
107,Fos sur Mer,France,,43.4333,4.95,FRFOS,
108,Freeport Bahamas,Bahamas,,26.5312,-78.6875,BSFPO,
109,Freetown,Sierra Leone,,8.4687,-13.2187,SLFNA,
110,Fremantle,Australia,,-32.0468,115.7656,AUFRE,
111,Fusa,Norway,,60.1875,5.5937,NOFUS,
112,Fuzhou,China,,26.0781,119.2968,CNFOC,
113,Gdynia,Poland,,54.5,18.55,PLGDY,
114,General Santos City,Philippines,,6.1167,125.1667,PHGES,
115,Genoa,Italy,,44.42,8.95,ITGOA,
116,Gijon,Spain,,-5.4,43.32,ESGIJ,
117,Gioia Tauro,Italy,,38.4167,15.9,ITGIT,
118,Gothenburg,Sweden,,57.7031,11.9531,SEGOT,
119,Grangemouth,United Kingdom,,56.0156,-3.7187,GBGRG,
120,Guam,Guam,,13.381,144.721,GUGUM,
121,Guayaquil,Ecuador,,-2.1695,-79.9025,ECGYE,
122,Haifa,Israel,,32.7968,34.9687,ILHFA,
123,Haiphong,Vietnam,,20.8667,106.6833,VNHPH,
124,Hakata,Japan,,33.5937,130.4062,JPHKT,
125,Hamburg,Germany,,53.55,10.0,DEHAM,
126,Havana Cuba,Cuba,,23.125,-82.3593,CUHAV,
127,Haydarpasa Port. Istanbul,Turkey,,41.0369,28.9239,TRHAY,
128,Hodeidah,Yemen,,14.8,43.2,YEHOD,
129,Hong Kong,Hong Kong,,22.3201,114.2004,HKHKG,
130,Honolulu,United States,,21.3845,-157.9354,USHNL,
131,Houston,United States,,29.7631,-95.3631,USHOU,
132,Huangpu,China,,22.6875,113.3125,CNHUA,
133,Ilyichevsk,Ukraine,,46.299,30.6571,UAILK,
134,Inchon,Korea. South,,37.475,126.636,KRICH,
135,Iquique,Chile,,-20.2031,-70.1562,CLIQQ,
136,Iraklion,Greece,,22.43,35.2,GRNAI,
137,Itaguai (Sepetiba),Brazil,,-22.966,-43.702,BRIGI,
138,Itajai,Brazil,,-26.52,-48.69,BRITJ,
139,Izmir,Turkey,,38.4062,27.15,TRIZM,
140,Izmit Korfezi,Turkey,,40.798,29.665,TRIZE,
141,Jakarta,Indonesia,,-6.1667,106.8,IDJKT,
142,Jebel Ali,United Arab Emirates,,25.14,55.19,AEJEA,
143,Jeddah,Saudi Arabia,,21.4833,39.2,SAJED,
144,Kaliningrad,Russia,,54.7031,20.5,RUKGD,
145,Kaohsiung,Taiwan,,22.6333,120.2833,TWKHH,
146,Karachi,Pakistan,,24.8667,67.05,PKKHI,
147,Keelung,Taiwan,,25.125,121.7187,TWKEL,
148,Kiel Kanal,Germany,,54.2071,10.0875,WP082,
149,Kobe,Japan,,34.68,135.17,JPUKB,
150,Koper,Slovenia,,45.5455,13.739,SIKOP,
151,Kotka,Finland,,60.47,26.92,FIKTK,
152,Kristiansand,Norway,,58.1562,8.0,NOKRS,
153,Kwangyang,Korea. South,,34.97,127.58,KRKAN,
154,La Guaira,Venezuela,,10.6,-66.9333,VELAG,
155,La Pallice,France,,46.1677,-1.1928,FRLPE,
156,Laem Chabang,Thailand,,13.3822,100.9914,THLCH,
157,Lagos,Spain,,-3.26,36.48,ESZGM,
158,Larvik,Norway,,59.0625,10.0,NOLAR,
159,Las Palmas,Spain,,28.1,-15.42,ESLPA,
160,Latakia,Syria,,35.52,35.79,SYLTK,
161,Lautoka,Fiji Islands,,-17.61,177.455,FJLTK,
162,Lazaro Cardenas,Mexico,,22.1875,-105.2343,MXLZC,
163,Le Havre,France,,49.5,0.125,FRLEH,
164,Leghorn,Italy,,43.55,10.316,ITLIV,
165,Leixoes,Portugal,,41.1925,-8.7091,PTLEI,
166,Lianyungang,China,,34.7187,119.4375,CNLYG,
167,Libreville,Gabon,,0.394,9.5465,GALBV,
168,Limassol,Cyprus,,34.6667,33.0333,CYLMS,
169,Lirquen,Chile,,-36.7031,-72.9531,CLLQN,
170,Lisbon,Portugal,,38.7167,-9.13,PTLIS,
171,Lobito,Angola,,-12.3437,13.5468,AOLOB,
172,Lome,Togo,,6.125,1.2031,TGLFW,
173,Long Beach,United States,,33.7664,-118.1949,USLGB,
174,Los Angeles,United States,,34.0522,-118.2428,USLAX,
175,Luanda,Angola,,-9.11,13.242,AOLAD,
176,Lyttelton,New Zealand,,-43.6,172.7167,NZLYT,
177,Maaloey,Norway,,61.9384,5.0784,NOMAY,
178,Malaga,Spain,,36.7182,-4.4275,ESAGP,
179,Manaus,Brazil,,-3.06,-60.0,BRMAO,
180,Manila,Philippines,,14.5833,121.0,PHMNL,
181,Manzanillo,Panama,,9.35,-79.9,PAMIT,
182,Mar Del Plata,Argentina,,-57.33,-38.0,ARMDQ,
183,Marsaxlokk,Malta,,35.85,14.55,MTMAR,
184,Matadi,Congo. Dem. Rep. of,,-5.814,13.469,CDMAT,
185,Melbourne,Australia,,-37.8333,145.0,AUMEL,
186,Melilla,Spain,,35.2941,-2.9448,ESMLN,
187,Menton,France,,7.3,43.47,FRETN,
188,Mersin,Turkey,,36.8,34.63,TRMER,
189,Miami,United States,,25.7937,-80.2074,USMIA,
190,Mindelo,Cape Verde Island,,16.89,-24.99,CVMIN,
191,Misuratah,Libya,,32.375,15.0937,LYMRA,
192,Mobile,United States,,30.6942,-88.0431,USMOB,
193,Mombasa,Kenya,,-4.0468,39.6562,KEMBA,
194,Monrovia,Liberia,,6.3125,-10.7968,LRMLW,
195,Montevideo,Uruguay,,-34.8833,-56.1833,UYMVD,
196,Montoir de Bretagne,France,,47.325,-2.1627,FRMTX,
197,Montreal,Canada,,45.5,-73.5781,CAMTR,
198,Muscat. Oman,Oman,,23.6093,58.5781,OMMCT,
199,Nagoya,Japan,,35.17,136.92,JPNGO,
200,Namibe,Angola,,-15.1531,12.1526,AOMSZ,
201,Nansha New Port,China,,22.76,113.572,CNNSA,
202,Napier,New Zealand,,-39.4833,176.9167,NZNPE,
203,Napoli,Italy,,14.15,40.5,ITNAP,
204,Nassau,Bahamas,,-77.21,25.05,BSNAS,
205,Nelson,New Zealand,,-41.2812,173.2812,NZNSN,
206,New Orleans,United States,,29.9544,-90.075,USMSY,
207,New Plymouth,New Zealand,,-39.0625,174.0781,NZNPL,
208,Newark,United States,,40.7381,-74.1833,USEWR,
209,Ningbo,China,,29.875,121.5468,CNNGB,
210,Norfolk,United States,,36.8537,-76.2816,USORF,
211,North Charleston,United States,,32.8716,-79.9903,USNTS,
212,Nouadhibou,Mauritania,,20.8906,-17.0625,MRNDB,
213,Nouakchott,Mauritania,,18.0937,-15.9375,MRNKC,
214,Noumea,New Caledonia,,-22.2865,166.4401,NCNOU,
215,Oakland,United States,,37.8111,-122.2679,USOAK,
216,Odessa,Ukraine,,46.4531,30.7187,UAODS,
217,Onne Seaport,Nigeria,,4.7031,7.1406,NGONN,
218,Oran,Algeria,,35.6875,-0.625,DZORN,
219,Osaka,Japan,,34.67,135.5,JPOSA,
220,Paita,Peru,,-5.0937,-81.1093,PEPAI,
221,Panama Canal,Panama,,8.9531,-79.5312,PAPCN,
222,Papeete,French Polynesia,,-17.535,-149.57,PFPPT,
223,Paranagua,Brazil,,-25.54,-48.51,BRPNG,
224,Pecem,Brazil,,-3.53,-38.869,BRPEC,
225,Penang,Malaysia,,5.4062,100.28,MYPEN,
226,Philadelphia,United States,,39.9522,-75.1642,USPHL,
227,Piraeus,Greece,,37.9513,23.6411,GRPIR,
228,Plymouth,United Kingdom,,-4.07,50.24,GBPLY,
229,Point Lisas,Trinidad & Tobago,,10.405,-61.482,TTPTS,
230,Pointe Noire,Congo,,1.5468,15.7968,CGPNR,
231,Pointe a Pitre,Guadeloupe,,16.2333,-61.5167,GPPTP,
232,Ponta Delgada,Portugal,,-25.4,37.44,PTPDL,
233,Port Chalmers,New Zealand,,-45.8167,170.6167,NZPOE,
234,Port Elizabeth,South Africa,,-33.9531,25.5781,ZAPLZ,
235,Port Gentil,Gabon,,-0.719,8.774,GAPOG,
236,Port Klang,Malaysia,,3.042,101.446,MYPKG,
237,Port Louis,Mauritius,,-20.1562,57.5,MUPLU,
238,Port Qasim,Pakistan,,24.7677,67.3333,PKBQM,
239,Port Reunion,Reunion,,-20.8833,55.5333,REREU,
240,Port Said,Egypt,,31.2158,32.3572,EGPSD,
241,Porto Grande,Cape Verde Island,,-25.0,16.52,CVGRA,
242,Poti,Georgia,,42.1474,41.677,GEPTI,
243,Praia,Cape Verde Island,,14.9167,-23.524,CVRAI,
244,Progreso,Mexico,,21.29,-89.667,MXPGO,
245,Puerto Cabello,Venezuela,,10.4667,-68.0167,VEPBL,
246,Puerto Caldera,Costa Rica,,9.9375,-84.7031,CRCAL,
247,Puerto Cortes,Honduras,,15.8333,-87.9167,HNPCR,
248,Puerto Deseado,Argentina,,-47.75,-65.8906,ARPUD,
249,Puerto Limon,Costa Rica,,9.98,-83.04,CRLIO,
250,Puerto Limon-Moin,Costa Rica,,9.99,-83.089,CRMOB,
251,Puerto Madryn,Argentina,,-42.7656,-65.0468,ARPMY,
252,Puerto Quetzal,Guatemala,,15.0,-91.8125,GTPRQ,
253,Punta Arenas,Chile,,-70.56,-53.08,CLPUQ,
254,Qingdao,China,,36.0833,120.35,CNTAO,
255,Rauma,Finland,,61.1333,21.5,FIRAU,
256,Rio Grande,Brazil,,-32.0333,-52.0833,BRRIG,
257,Rotterdam,Netherlands,,51.9167,4.5,NLRTM,
258,Rouen,France,,49.4218,1.0781,FRURO,
259,Saigon,Vietnam,,10.75,106.6667,VNSGN,
260,Salalah,Oman,,17.014,54.091,OMSLL,
261,Salerno,Italy,,40.41,15.0,ITSAL,
262,San Antonio,Chile,,-33.58,-71.63,CLSAI,
263,San Francisco,Argentina,,-62.04,-31.25,ARSFO,
264,San Juan,Puerto Rico,,18.454,-66.07,PRSJU,
265,San Pedro,Ivory Coast,,4.7333,-6.6167,CISPY,
266,Santa Cruz De Tenerife,Spain,,28.46,-16.25,ESSCT,
267,Santo Domingo,Chile,,-71.39,-33.38,CLSDO,
268,Santo Tomas de Castilla,Guatemala,,15.6934,-88.6177,GTSTC,
269,Santos,Brazil,,-23.95,-46.33,BRSSZ,
270,Sao Francisco do Sul,Brazil,,-26.25,-48.62,BRSFS,
271,Savannah,United States,,32.0833,-81.1,USSAV,
272,Seattle,United States,,47.5972,-122.352,USSEA,
273,Semarang,Indonesia,,-6.975,110.424,IDSRG,
274,Sfax,Tunisia,,34.7202,10.7451,TNSFA,
275,Shanghai,China,,31.2187,121.4531,CNSHA,
276,Sharjah,United Arab Emirates,,25.375,55.408,AESHJ,
277,Shekou,China,,22.5,113.875,CNSHK,
278,Shenzhen,China,,22.5833,114.2667,CNYTN,
279,Shimizu,Japan,,35.02,138.48,JPSMZ,
280,Shuaiba,Kuwait,,29.0468,48.125,KWSAA,
281,Sihanoukville,Cambodia,,10.6333,103.53,KHKOS,
282,Singapore,Singapore,,1.2812,103.8437,SGSIN,
283,Skaramanga,Greece,,38.0136,23.6003,GRSKA,
284,Skikda,Algeria,,36.8593,6.8906,DZSKI,
285,Sohar,Oman,,24.3593,56.74,OMSOH,
286,Songkhla,Thailand,,7.2151,100.5585,THSGZ,
287,Southampton,United Kingdom,,50.8993,-1.4003,GBSOU,
288,Soyo,Angola,,-6.125,12.3593,AOSZA,
289,St Georges,Belgium,,5.21,50.36,BESGS,
290,St Johns,United States,,-84.33,43.0,USSJ4,
291,St Nazaire,France,,4.36,44.12,FRSNG,
292,St Petersburg,Russia,,59.9,30.27,RULED,
293,Stavanger,Norway,,58.9667,5.66,NOSVG,
294,Suez Canal,Egypt,,31.15,32.37,EGSUZ,
295,Surabaya,Indonesia,,-7.25,112.75,IDSUB,
296,Suva,Fiji Islands,,-18.124,178.464,FJSUV,
297,Sydney,Australia,,-33.8889,151.2,AUSYD,
298,Takoradi,Ghana,,4.8833,-1.75,GHTKD,
299,Tangier,Morocco,,35.885,-5.4847,MAPTM,
300,Tanjung Pelepas,Malaysia,,1.405,103.593,MYTPP,
301,Tarragona,Spain,,41.1171,1.2498,ESTAR,
302,Tauranga,New Zealand,,-37.6833,176.1667,NZTRG,
303,Tema,Ghana,,5.633,0.008,GHTEM,
304,Thames Haven,United Kingdom,,51.4557,0.7081,GBTHP,
305,Thessaloniki,Greece,,40.641,22.9327,GRSKG,
306,Tilbury,United Kingdom,,51.4634,0.3658,GBTIL,
307,Timaru,New Zealand,,-44.3906,171.25,NZTIU,
308,Tin Can Island Port,Nigeria,,6.4339,3.3564,NGTIN,
309,Toamasina,Madagascar,,-18.1562,49.375,MGTMM,
310,Tokyo,Japan,,35.6875,139.7656,JPTYO,
311,Torres Strait,Australia,,-9.562,142.345,WP083,
312,Tramandai,Brazil,,-50.08,-29.58,BRTRM,
313,Trieste,Italy,,45.65,13.7834,ITTRS,
314,Tunis,Tunisia,,36.7968,10.1718,TNTUN,
315,Ushuaia,Argentina,,-54.48,-68.19,ARUSH,
316,Valencia,Spain,,39.47,-0.37,ESVLC,
317,Vancouver,Canada,,49.25,-123.125,CAVAN,
318,Varna,Bulgaria,,43.2167,27.9167,BGVAR,
319,Victoria,Seychelles,,-4.6093,55.4375,SCPOV,
320,Vigo,Spain,,42.2341,-8.7114,ESVGO,
321,Vila do Conde,Brazil,,-1.5384,-48.7298,BRVLC,
322,Vitoria,Brazil,,-20.19,-40.22,BRVIX,
323,Walvis Bay,Namibia,,-22.944,14.506,NAWVB,
324,Wellington,New Zealand,,-41.2968,174.7812,NZWLG,
325,Wilhelmshaven,Germany,,8.08,53.31,DEWVN,
326,Willemstad,Netherl. Antilles,,12.1,-68.9167,ANWIL,
327,WilmingtonNC,United States,,34.2256,-77.945,USILM,
328,Xiamen,China,,24.45,118.08,CNXMN,
329,Xingang,China,,38.562,117.56,CNTXG,
330,Yokohama,Japan,,35.45,139.55,JPYOK,
331,Zarate,Argentina,,-34.09,-59.035,ARZAE,
332,Zeebrugge,Belgium,,51.3281,3.1875,BEZEE,
